zone_id,NDVI,LST,NDBI,NDWI,tree_cover,water_available,impact_score,cost,reason,coordinates,selected
Z3,0.51,297.33,0.79,0.28,1,1,0.67,114,Dense built-up area,"[[(73.89607080904975, 18.38122357413738), (73.89607080904975, 18.51973236259186), (73.82542598368366, 18.51973236259186), (73.82542598368366, 18.38122357413738), (73.89607080904975, 18.38122357413738)]]",True
Z5,0.57,310.16,0.53,0.31,1,1,0.65,109,Moderate priority zone,"[[(74.0373604597819, 18.38122357413738), (74.0373604597819, 18.51973236259186), (73.96671563441582, 18.51973236259186), (73.96671563441582, 18.38122357413738), (74.0373604597819, 18.38122357413738)]]",True
Z9,0.44,304.82,0.57,0.44,1,1,0.65,119,Moderate priority zone,"[[(73.96671563441582, 18.51973236259186), (73.96671563441582, 18.65824115104634), (73.89607080904975, 18.65824115104634), (73.89607080904975, 18.51973236259186), (73.96671563441582, 18.51973236259186)]]",True
