zone_id,NDVI,LST,NDBI,NDWI,tree_cover,water_available,impact_score,cost,reason,coordinates,selected
Z6,0.32,308.68,0.72,0.34,1,1,0.76,80,Dense built-up area,"[[(73.75478115831758, 18.51973236259186), (73.75478115831758, 18.65824115104634), (73.68413633295151, 18.65824115104634), (73.68413633295151, 18.51973236259186), (73.75478115831758, 18.51973236259186)]]",True
Z9,0.2,310.47,0.62,0.47,0,1,0.75,82,High heat + low greenery,"[[(73.96671563441582, 18.51973236259186), (73.96671563441582, 18.65824115104634), (73.89607080904975, 18.65824115104634), (73.89607080904975, 18.51973236259186), (73.96671563441582, 18.51973236259186)]]",True
Z10,0.38,313.13,0.68,0.26,1,1,0.74,127,Dense built-up area,"[[(74.0373604597819, 18.51973236259186), (74.0373604597819, 18.65824115104634), (73.96671563441582, 18.65824115104634), (73.96671563441582, 18.51973236259186), (74.0373604597819, 18.51973236259186)]]",True
Z4,0.31,314.28,0.54,0.21,1,1,0.73,140,Moderate priority zone,"[[(73.96671563441582, 18.38122357413738), (73.96671563441582, 18.51973236259186), (73.89607080904975, 18.51973236259186), (73.89607080904975, 18.38122357413738), (73.96671563441582, 18.38122357413738)]]",True
Z5,0.47,314.39,0.77,0.44,1,1,0.7,111,Dense built-up area,"[[(74.0373604597819, 18.38122357413738), (74.0373604597819, 18.51973236259186), (73.96671563441582, 18.51973236259186), (73.96671563441582, 18.38122357413738), (74.0373604597819, 18.38122357413738)]]",False
Z1,0.42,312.45,0.4,0.23,1,1,0.65,106,Moderate priority zone,"[[(73.75478115831758, 18.38122357413738), (73.75478115831758, 18.51973236259186), (73.68413633295151, 18.51973236259186), (73.68413633295151, 18.38122357413738), (73.75478115831758, 18.38122357413738)]]",False
Z8,0.53,313.02,0.39,0.28,1,1,0.57,103,Moderate priority zone,"[[(73.89607080904975, 18.51973236259186), (73.89607080904975, 18.65824115104634), (73.82542598368366, 18.65824115104634), (73.82542598368366, 18.51973236259186), (73.89607080904975, 18.51973236259186)]]",False
