zone_id,NDVI,LST,NDBI,NDWI,tree_cover,water_available,impact_score,cost,reason,coordinates,selected
Z4,0.4,313.53,0.65,0.11,1,1,0.7,102,Dense built-up area,"[[(73.96671563441582, 18.38122357413738), (73.96671563441582, 18.51973236259186), (73.89607080904975, 18.51973236259186), (73.89607080904975, 18.38122357413738), (73.96671563441582, 18.38122357413738)]]",True
Z9,0.38,303.74,0.58,0.11,1,1,0.69,103,Moderate priority zone,"[[(73.96671563441582, 18.51973236259186), (73.96671563441582, 18.65824115104634), (73.89607080904975, 18.65824115104634), (73.89607080904975, 18.51973236259186), (73.96671563441582, 18.51973236259186)]]",True
Z8,0.48,297.76,0.74,0.49,1,1,0.68,130,Dense built-up area,"[[(73.89607080904975, 18.51973236259186), (73.89607080904975, 18.65824115104634), (73.82542598368366, 18.65824115104634), (73.82542598368366, 18.51973236259186), (73.89607080904975, 18.51973236259186)]]",True
Z1,0.47,303.56,0.75,0.13,1,1,0.66,95,Dense built-up area,"[[(73.75478115831758, 18.38122357413738), (73.75478115831758, 18.51973236259186), (73.68413633295151, 18.51973236259186), (73.68413633295151, 18.38122357413738), (73.75478115831758, 18.38122357413738)]]",True
Z3,0.45,298.09,0.53,0.33,1,1,0.66,119,Moderate priority zone,"[[(73.89607080904975, 18.38122357413738), (73.89607080904975, 18.51973236259186), (73.82542598368366, 18.51973236259186), (73.82542598368366, 18.38122357413738), (73.89607080904975, 18.38122357413738)]]",False
Z2,0.57,310.74,0.55,0.39,1,1,0.65,107,Moderate priority zone,"[[(73.82542598368366, 18.38122357413738), (73.82542598368366, 18.51973236259186), (73.75478115831758, 18.51973236259186), (73.75478115831758, 18.38122357413738), (73.82542598368366, 18.38122357413738)]]",False
Z7,0.55,308.08,0.63,0.21,1,1,0.64,88,Dense built-up area,"[[(73.82542598368366, 18.51973236259186), (73.82542598368366, 18.65824115104634), (73.75478115831758, 18.65824115104634), (73.75478115831758, 18.51973236259186), (73.82542598368366, 18.51973236259186)]]",False
