zone_id,NDVI,LST,NDBI,NDWI,tree_cover,water_available,impact_score,cost,reason,coordinates,selected
Z8,0.37,315.43,0.71,0.42,1,1,0.72,116,Dense built-up area,"[[(73.89607080904975, 18.51973236259186), (73.89607080904975, 18.65824115104634), (73.82542598368366, 18.65824115104634), (73.82542598368366, 18.51973236259186), (73.89607080904975, 18.51973236259186)]]",True
Z4,0.34,309.62,0.54,0.42,1,1,0.68,86,Moderate priority zone,"[[(73.96671563441582, 18.38122357413738), (73.96671563441582, 18.51973236259186), (73.89607080904975, 18.51973236259186), (73.89607080904975, 18.38122357413738), (73.96671563441582, 18.38122357413738)]]",True
Z7,0.28,306.47,0.34,0.35,0,1,0.68,128,High heat + low greenery,"[[(73.82542598368366, 18.51973236259186), (73.82542598368366, 18.65824115104634), (73.75478115831758, 18.65824115104634), (73.75478115831758, 18.51973236259186), (73.82542598368366, 18.51973236259186)]]",True
Z10,0.38,304.93,0.52,0.14,1,1,0.67,92,Moderate priority zone,"[[(74.0373604597819, 18.51973236259186), (74.0373604597819, 18.65824115104634), (73.96671563441582, 18.65824115104634), (73.96671563441582, 18.51973236259186), (74.0373604597819, 18.51973236259186)]]",True
