zone_id,NDVI,LST,NDBI,NDWI,tree_cover,water_available,impact_score,cost,reason,coordinates,selected
Z2,0.29,311.91,0.69,0.38,0,1,0.77,138,High heat + low greenery,"[[(73.82542598368366, 18.38122357413738), (73.82542598368366, 18.51973236259186), (73.75478115831758, 18.51973236259186), (73.75478115831758, 18.38122357413738), (73.82542598368366, 18.38122357413738)]]",True
Z4,0.3,310.3,0.45,0.49,1,1,0.69,129,Moderate priority zone,"[[(73.96671563441582, 18.38122357413738), (73.96671563441582, 18.51973236259186), (73.89607080904975, 18.51973236259186), (73.89607080904975, 18.38122357413738), (73.96671563441582, 18.38122357413738)]]",True
Z9,0.43,314.6,0.33,0.24,1,1,0.66,121,Moderate priority zone,"[[(73.96671563441582, 18.51973236259186), (73.96671563441582, 18.65824115104634), (73.89607080904975, 18.65824115104634), (73.89607080904975, 18.51973236259186), (73.96671563441582, 18.51973236259186)]]",True
Z7,0.5,314.42,0.44,0.13,1,1,0.6,110,Moderate priority zone,"[[(73.82542598368366, 18.51973236259186), (73.82542598368366, 18.65824115104634), (73.75478115831758, 18.65824115104634), (73.75478115831758, 18.51973236259186), (73.82542598368366, 18.51973236259186)]]",True
