zone_id,NDVI,LST,NDBI,NDWI,tree_cover,water_available,impact_score,cost,reason,coordinates,selected
Z2,0.4,295.44,0.71,0.37,1,1,0.71,119,Dense built-up area,"[[(73.82542598368366, 18.38122357413738), (73.82542598368366, 18.51973236259186), (73.75478115831758, 18.51973236259186), (73.75478115831758, 18.38122357413738), (73.82542598368366, 18.38122357413738)]]",True
Z4,0.43,308.94,0.68,0.19,1,1,0.7,115,Dense built-up area,"[[(73.96671563441582, 18.38122357413738), (73.96671563441582, 18.51973236259186), (73.89607080904975, 18.51973236259186), (73.89607080904975, 18.38122357413738), (73.96671563441582, 18.38122357413738)]]",True
