zone_id,NDVI,LST,NDBI,NDWI,tree_cover,water_available,impact_score,cost,reason,coordinates,selected
Z1,0.32,297.01,0.61,0.42,1,1,0.7,108,Dense built-up area,"[[(73.75478115831758, 18.38122357413738), (73.75478115831758, 18.51973236259186), (73.68413633295151, 18.51973236259186), (73.68413633295151, 18.38122357413738), (73.75478115831758, 18.38122357413738)]]",True
Z5,0.48,310.13,0.54,0.43,1,1,0.67,112,Moderate priority zone,"[[(74.0373604597819, 18.38122357413738), (74.0373604597819, 18.51973236259186), (73.96671563441582, 18.51973236259186), (73.96671563441582, 18.38122357413738), (74.0373604597819, 18.38122357413738)]]",True
Z8,0.58,310.53,0.68,0.3,1,1,0.61,97,Dense built-up area,"[[(73.89607080904975, 18.51973236259186), (73.89607080904975, 18.65824115104634), (73.82542598368366, 18.65824115104634), (73.82542598368366, 18.51973236259186), (73.89607080904975, 18.51973236259186)]]",True
Z4,0.57,302.26,0.37,0.26,1,1,0.59,134,Moderate priority zone,"[[(73.96671563441582, 18.38122357413738), (73.96671563441582, 18.51973236259186), (73.89607080904975, 18.51973236259186), (73.89607080904975, 18.38122357413738), (73.96671563441582, 18.38122357413738)]]",True
