zone_id,NDVI,LST,NDBI,NDWI,tree_cover,water_available,impact_score,cost,reason,coordinates,selected
Z2,0.26,300.35,0.76,0.14,0,1,0.78,137,Dense built-up area,"[[(73.82542598368366, 18.38122357413738), (73.82542598368366, 18.51973236259186), (73.75478115831758, 18.51973236259186), (73.75478115831758, 18.38122357413738), (73.82542598368366, 18.38122357413738)]]",True
Z1,0.27,314.94,0.57,0.36,0,1,0.76,145,High heat + low greenery,"[[(73.75478115831758, 18.38122357413738), (73.75478115831758, 18.51973236259186), (73.68413633295151, 18.51973236259186), (73.68413633295151, 18.38122357413738), (73.75478115831758, 18.38122357413738)]]",True
Z7,0.24,303.66,0.33,0.35,0,1,0.73,82,Moderate priority zone,"[[(73.82542598368366, 18.51973236259186), (73.82542598368366, 18.65824115104634), (73.75478115831758, 18.65824115104634), (73.75478115831758, 18.51973236259186), (73.82542598368366, 18.51973236259186)]]",True
Z4,0.25,311.11,0.53,0.1,0,1,0.72,109,High heat + low greenery,"[[(73.96671563441582, 18.38122357413738), (73.96671563441582, 18.51973236259186), (73.89607080904975, 18.51973236259186), (73.89607080904975, 18.38122357413738), (73.96671563441582, 18.38122357413738)]]",True
Z10,0.46,305.94,0.78,0.33,1,1,0.72,116,Dense built-up area,"[[(74.0373604597819, 18.51973236259186), (74.0373604597819, 18.65824115104634), (73.96671563441582, 18.65824115104634), (73.96671563441582, 18.51973236259186), (74.0373604597819, 18.51973236259186)]]",False
Z8,0.55,310.9,0.57,0.43,1,1,0.64,101,Moderate priority zone,"[[(73.89607080904975, 18.51973236259186), (73.89607080904975, 18.65824115104634), (73.82542598368366, 18.65824115104634), (73.82542598368366, 18.51973236259186), (73.89607080904975, 18.51973236259186)]]",False
