zone_id,NDVI,LST,NDBI,NDWI,tree_cover,water_available,impact_score,cost,reason,coordinates,selected
Z2,0.28,312.24,0.73,0.48,0,1,0.8,146,High heat + low greenery,"[[(73.82542598368366, 18.38122357413738), (73.82542598368366, 18.51973236259186), (73.75478115831758, 18.51973236259186), (73.75478115831758, 18.38122357413738), (73.82542598368366, 18.38122357413738)]]",True
Z8,0.24,310.05,0.59,0.18,0,1,0.73,132,High heat + low greenery,"[[(73.89607080904975, 18.51973236259186), (73.89607080904975, 18.65824115104634), (73.82542598368366, 18.65824115104634), (73.82542598368366, 18.51973236259186), (73.89607080904975, 18.51973236259186)]]",True
Z10,0.46,301.54,0.51,0.19,1,1,0.65,99,Moderate priority zone,"[[(74.0373604597819, 18.51973236259186), (74.0373604597819, 18.65824115104634), (73.96671563441582, 18.65824115104634), (73.96671563441582, 18.51973236259186), (74.0373604597819, 18.51973236259186)]]",True
Z9,0.57,314.35,0.5,0.14,1,1,0.63,149,Moderate priority zone,"[[(73.96671563441582, 18.51973236259186), (73.96671563441582, 18.65824115104634), (73.89607080904975, 18.65824115104634), (73.89607080904975, 18.51973236259186), (73.96671563441582, 18.51973236259186)]]",False
Z3,0.4,298.78,0.3,0.34,1,1,0.62,86,Moderate priority zone,"[[(73.89607080904975, 18.38122357413738), (73.89607080904975, 18.51973236259186), (73.82542598368366, 18.51973236259186), (73.82542598368366, 18.38122357413738), (73.89607080904975, 18.38122357413738)]]",True
