zone_id,NDVI,LST,NDBI,NDWI,tree_cover,water_available,impact_score,cost,reason,coordinates,selected
Z10,0.32,298.98,0.61,0.44,1,1,0.75,94,Dense built-up area,"[[(74.0373604597819, 18.51973236259186), (74.0373604597819, 18.65824115104634), (73.96671563441582, 18.65824115104634), (73.96671563441582, 18.51973236259186), (74.0373604597819, 18.51973236259186)]]",True
Z6,0.37,308.38,0.57,0.22,1,1,0.71,113,Moderate priority zone,"[[(73.75478115831758, 18.51973236259186), (73.75478115831758, 18.65824115104634), (73.68413633295151, 18.65824115104634), (73.68413633295151, 18.51973236259186), (73.75478115831758, 18.51973236259186)]]",True
Z5,0.42,313.37,0.69,0.31,1,1,0.7,108,Dense built-up area,"[[(74.0373604597819, 18.38122357413738), (74.0373604597819, 18.51973236259186), (73.96671563441582, 18.51973236259186), (73.96671563441582, 18.38122357413738), (74.0373604597819, 18.38122357413738)]]",True
Z3,0.52,309.57,0.58,0.46,1,1,0.68,132,Moderate priority zone,"[[(73.89607080904975, 18.38122357413738), (73.89607080904975, 18.51973236259186), (73.82542598368366, 18.51973236259186), (73.82542598368366, 18.38122357413738), (73.89607080904975, 18.38122357413738)]]",True
Z8,0.43,302.78,0.35,0.39,1,1,0.64,104,Moderate priority zone,"[[(73.89607080904975, 18.51973236259186), (73.89607080904975, 18.65824115104634), (73.82542598368366, 18.65824115104634), (73.82542598368366, 18.51973236259186), (73.89607080904975, 18.51973236259186)]]",False
Z7,0.57,298.75,0.39,0.35,1,1,0.57,138,Moderate priority zone,"[[(73.82542598368366, 18.51973236259186), (73.82542598368366, 18.65824115104634), (73.75478115831758, 18.65824115104634), (73.75478115831758, 18.51973236259186), (73.82542598368366, 18.51973236259186)]]",False
