zone_id,NDVI,LST,NDBI,NDWI,tree_cover,water_available,impact_score,cost,reason,coordinates,selected
Z10,0.33,303.27,0.57,0.48,1,1,0.74,126,Moderate priority zone,"[[(74.0373604597819, 18.51973236259186), (74.0373604597819, 18.65824115104634), (73.96671563441582, 18.65824115104634), (73.96671563441582, 18.51973236259186), (74.0373604597819, 18.51973236259186)]]",True
Z1,0.41,295.4,0.8,0.38,1,1,0.7,92,Dense built-up area,"[[(73.75478115831758, 18.38122357413738), (73.75478115831758, 18.51973236259186), (73.68413633295151, 18.51973236259186), (73.68413633295151, 18.38122357413738), (73.75478115831758, 18.38122357413738)]]",True
Z6,0.58,301.48,0.73,0.23,1,1,0.64,107,Dense built-up area,"[[(73.75478115831758, 18.51973236259186), (73.75478115831758, 18.65824115104634), (73.68413633295151, 18.65824115104634), (73.68413633295151, 18.51973236259186), (73.75478115831758, 18.51973236259186)]]",True
Z3,0.46,311.24,0.38,0.21,1,1,0.61,109,Moderate priority zone,"[[(73.89607080904975, 18.38122357413738), (73.89607080904975, 18.51973236259186), (73.82542598368366, 18.51973236259186), (73.82542598368366, 18.38122357413738), (73.89607080904975, 18.38122357413738)]]",True
Z2,0.51,313.92,0.44,0.16,1,1,0.61,127,Moderate priority zone,"[[(73.82542598368366, 18.38122357413738), (73.82542598368366, 18.51973236259186), (73.75478115831758, 18.51973236259186), (73.75478115831758, 18.38122357413738), (73.82542598368366, 18.38122357413738)]]",False
