zone_id,NDVI,LST,NDBI,NDWI,tree_cover,water_available,impact_score,cost,reason,coordinates,selected
Z8,0.33,303.56,0.72,0.17,1,1,0.75,145,Dense built-up area,"[[(73.89607080904975, 18.51973236259186), (73.89607080904975, 18.65824115104634), (73.82542598368366, 18.65824115104634), (73.82542598368366, 18.51973236259186), (73.89607080904975, 18.51973236259186)]]",True
Z7,0.36,302.52,0.69,0.11,1,1,0.75,95,Dense built-up area,"[[(73.82542598368366, 18.51973236259186), (73.82542598368366, 18.65824115104634), (73.75478115831758, 18.65824115104634), (73.75478115831758, 18.51973236259186), (73.82542598368366, 18.51973236259186)]]",True
Z2,0.3,304.77,0.78,0.46,1,1,0.74,149,Dense built-up area,"[[(73.82542598368366, 18.38122357413738), (73.82542598368366, 18.51973236259186), (73.75478115831758, 18.51973236259186), (73.75478115831758, 18.38122357413738), (73.82542598368366, 18.38122357413738)]]",True
Z6,0.44,298.25,0.74,0.42,1,1,0.68,115,Dense built-up area,"[[(73.75478115831758, 18.51973236259186), (73.75478115831758, 18.65824115104634), (73.68413633295151, 18.65824115104634), (73.68413633295151, 18.51973236259186), (73.75478115831758, 18.51973236259186)]]",False
Z4,0.36,297.87,0.44,0.32,1,1,0.65,111,Moderate priority zone,"[[(73.96671563441582, 18.38122357413738), (73.96671563441582, 18.51973236259186), (73.89607080904975, 18.51973236259186), (73.89607080904975, 18.38122357413738), (73.96671563441582, 18.38122357413738)]]",True
