zone_id,NDVI,LST,NDBI,NDWI,tree_cover,water_available,impact_score,cost,reason,coordinates,selected
Z4,0.25,319.23,0.69,0.16,0,1,0.81,100,High heat + low greenery,"[[(73.96671563441582, 18.38122357413738), (73.96671563441582, 18.51973236259186), (73.89607080904975, 18.51973236259186), (73.89607080904975, 18.38122357413738), (73.96671563441582, 18.38122357413738)]]",True
Z7,0.12,305.23,0.6,0.35,0,1,0.8,133,High heat + low greenery,"[[(73.82542598368366, 18.51973236259186), (73.82542598368366, 18.65824115104634), (73.75478115831758, 18.65824115104634), (73.75478115831758, 18.51973236259186), (73.82542598368366, 18.51973236259186)]]",True
Z3,0.36,302.65,0.7,0.39,1,1,0.73,128,Dense built-up area,"[[(73.89607080904975, 18.38122357413738), (73.89607080904975, 18.51973236259186), (73.82542598368366, 18.51973236259186), (73.82542598368366, 18.38122357413738), (73.89607080904975, 18.38122357413738)]]",True
Z1,0.37,309.73,0.66,0.32,1,1,0.71,88,Dense built-up area,"[[(73.75478115831758, 18.38122357413738), (73.75478115831758, 18.51973236259186), (73.68413633295151, 18.51973236259186), (73.68413633295151, 18.38122357413738), (73.75478115831758, 18.38122357413738)]]",True
